USE ecommerce_db;
SET FOREIGN_KEY_CHECKS = 0;
INSERT INTO otp_verifications (user_id, otp_code, email, purpose, is_used, expires_at) VALUES
(1,'100001','user1@mail.com','EmailVerification',0,NOW()+INTERVAL 10 MINUTE),
(2,'100002','user2@mail.com','EmailVerification',0,NOW()+INTERVAL 10 MINUTE),
(3,'100003','user3@mail.com','EmailVerification',0,NOW()+INTERVAL 10 MINUTE),
(4,'100004','user4@mail.com','EmailVerification',0,NOW()+INTERVAL 10 MINUTE),
(5,'100005','user5@mail.com','EmailVerification',0,NOW()+INTERVAL 10 MINUTE),
(6,'100006','user6@mail.com','EmailVerification',0,NOW()+INTERVAL 10 MINUTE),
(7,'100007','user7@mail.com','EmailVerification',0,NOW()+INTERVAL 10 MINUTE),
(8,'100008','user8@mail.com','EmailVerification',0,NOW()+INTERVAL 10 MINUTE),
(9,'100009','user9@mail.com','EmailVerification',0,NOW()+INTERVAL 10 MINUTE),
(10,'100010','user10@mail.com','EmailVerification',0,NOW()+INTERVAL 10 MINUTE),
(11,'100011','user11@mail.com','EmailVerification',0,NOW()+INTERVAL 10 MINUTE),
(12,'100012','user12@mail.com','EmailVerification',0,NOW()+INTERVAL 10 MINUTE),
(13,'100013','user13@mail.com','EmailVerification',0,NOW()+INTERVAL 10 MINUTE),
(14,'100014','user14@mail.com','EmailVerification',0,NOW()+INTERVAL 10 MINUTE),
(15,'100015','user15@mail.com','EmailVerification',0,NOW()+INTERVAL 10 MINUTE),
(16,'100016','user16@mail.com','EmailVerification',0,NOW()+INTERVAL 10 MINUTE),
(17,'100017','user17@mail.com','EmailVerification',0,NOW()+INTERVAL 10 MINUTE),
(18,'100018','user18@mail.com','EmailVerification',0,NOW()+INTERVAL 10 MINUTE),
(19,'100019','user19@mail.com','EmailVerification',0,NOW()+INTERVAL 10 MINUTE),
(20,'100020','user20@mail.com','EmailVerification',0,NOW()+INTERVAL 10 MINUTE),
(21,'100021','user21@mail.com','EmailVerification',0,NOW()+INTERVAL 10 MINUTE),
(22,'100022','user22@mail.com','EmailVerification',0,NOW()+INTERVAL 10 MINUTE),
(23,'100023','user23@mail.com','EmailVerification',0,NOW()+INTERVAL 10 MINUTE),
(24,'100024','user24@mail.com','EmailVerification',0,NOW()+INTERVAL 10 MINUTE),
(25,'100025','user25@mail.com','EmailVerification',0,NOW()+INTERVAL 10 MINUTE),
(26,'100026','user26@mail.com','EmailVerification',0,NOW()+INTERVAL 10 MINUTE),
(27,'100027','user27@mail.com','EmailVerification',0,NOW()+INTERVAL 10 MINUTE),
(28,'100028','user28@mail.com','EmailVerification',0,NOW()+INTERVAL 10 MINUTE),
(29,'100029','user29@mail.com','EmailVerification',0,NOW()+INTERVAL 10 MINUTE),
(30,'100030','user30@mail.com','EmailVerification',0,NOW()+INTERVAL 10 MINUTE),
(31,'100031','user31@mail.com','EmailVerification',0,NOW()+INTERVAL 10 MINUTE),
(32,'100032','user32@mail.com','EmailVerification',0,NOW()+INTERVAL 10 MINUTE),
(33,'100033','user33@mail.com','EmailVerification',0,NOW()+INTERVAL 10 MINUTE),
(34,'100034','user34@mail.com','EmailVerification',0,NOW()+INTERVAL 10 MINUTE),
(35,'100035','user35@mail.com','EmailVerification',0,NOW()+INTERVAL 10 MINUTE),
(36,'100036','user36@mail.com','EmailVerification',0,NOW()+INTERVAL 10 MINUTE),
(37,'100037','user37@mail.com','EmailVerification',0,NOW()+INTERVAL 10 MINUTE),
(38,'100038','user38@mail.com','EmailVerification',0,NOW()+INTERVAL 10 MINUTE),
(39,'100039','user39@mail.com','EmailVerification',0,NOW()+INTERVAL 10 MINUTE),
(40,'100040','user40@mail.com','EmailVerification',0,NOW()+INTERVAL 10 MINUTE),
(41,'100041','user41@mail.com','EmailVerification',0,NOW()+INTERVAL 10 MINUTE),
(42,'100042','user42@mail.com','EmailVerification',0,NOW()+INTERVAL 10 MINUTE),
(43,'100043','user43@mail.com','EmailVerification',0,NOW()+INTERVAL 10 MINUTE),
(44,'100044','user44@mail.com','EmailVerification',0,NOW()+INTERVAL 10 MINUTE),
(45,'100045','user45@mail.com','EmailVerification',0,NOW()+INTERVAL 10 MINUTE),
(46,'100046','user46@mail.com','EmailVerification',0,NOW()+INTERVAL 10 MINUTE),
(47,'100047','user47@mail.com','EmailVerification',0,NOW()+INTERVAL 10 MINUTE),
(48,'100048','user48@mail.com','EmailVerification',0,NOW()+INTERVAL 10 MINUTE),
(49,'100049','user49@mail.com','EmailVerification',0,NOW()+INTERVAL 10 MINUTE),
(50,'100050','user50@mail.com','EmailVerification',0,NOW()+INTERVAL 10 MINUTE);

INSERT INTO categories (category_name, description, parent_category_id) VALUES
('Category1','Description1',NULL),
('Category2','Description2',NULL),
('Category3','Description3',NULL),
('Category4','Description4',NULL),
('Category5','Description5',NULL),
('Category6','Description6',NULL),
('Category7','Description7',NULL),
('Category8','Description8',NULL),
('Category9','Description9',NULL),
('Category10','Description10',NULL),
('Category11','Description11',NULL),
('Category12','Description12',NULL),
('Category13','Description13',NULL),
('Category14','Description14',NULL),
('Category15','Description15',NULL),
('Category16','Description16',NULL),
('Category17','Description17',NULL),
('Category18','Description18',NULL),
('Category19','Description19',NULL),
('Category20','Description20',NULL),
('Category21','Description21',NULL),
('Category22','Description22',NULL),
('Category23','Description23',NULL),
('Category24','Description24',NULL),
('Category25','Description25',NULL),
('Category26','Description26',NULL),
('Category27','Description27',NULL),
('Category28','Description28',NULL),
('Category29','Description29',NULL),
('Category30','Description30',NULL),
('Category31','Description31',NULL),
('Category32','Description32',NULL),
('Category33','Description33',NULL),
('Category34','Description34',NULL),
('Category35','Description35',NULL),
('Category36','Description36',NULL),
('Category37','Description37',NULL),
('Category38','Description38',NULL),
('Category39','Description39',NULL),
('Category40','Description40',NULL),
('Category41','Description41',NULL),
('Category42','Description42',NULL),
('Category43','Description43',NULL),
('Category44','Description44',NULL),
('Category45','Description45',NULL),
('Category46','Description46',NULL),
('Category47','Description47',NULL),
('Category48','Description48',NULL),
('Category49','Description49',NULL),
('Category50','Description50',NULL);

INSERT INTO products (seller_id, category_id, product_name, description, price, discount_price, stock_quantity) VALUES
(2,2,'Product1','Description1',10,9,5),
(3,3,'Product2','Description2',20,18,10),
(4,4,'Product3','Description3',30,27,15),
(5,5,'Product4','Description4',40,36,20),
(6,6,'Product5','Description5',50,45,25),
(7,7,'Product6','Description6',60,54,30),
(8,8,'Product7','Description7',70,63,35),
(9,9,'Product8','Description8',80,72,40),
(10,10,'Product9','Description9',90,81,45),
(1,1,'Product10','Description10',100,90,50),
(2,2,'Product11','Description11',110,99,55),
(3,3,'Product12','Description12',120,108,60),
(4,4,'Product13','Description13',130,117,65),
(5,5,'Product14','Description14',140,126,70),
(6,6,'Product15','Description15',150,135,75),
(7,7,'Product16','Description16',160,144,80),
(8,8,'Product17','Description17',170,153,85),
(9,9,'Product18','Description18',180,162,90),
(10,10,'Product19','Description19',190,171,95),
(1,1,'Product20','Description20',200,180,100),
(2,2,'Product21','Description21',210,189,105),
(3,3,'Product22','Description22',220,198,110),
(4,4,'Product23','Description23',230,207,115),
(5,5,'Product24','Description24',240,216,120),
(6,6,'Product25','Description25',250,225,125),
(7,7,'Product26','Description26',260,234,130),
(8,8,'Product27','Description27',270,243,135),
(9,9,'Product28','Description28',280,252,140),
(10,10,'Product29','Description29',290,261,145),
(1,1,'Product30','Description30',300,270,150),
(2,2,'Product31','Description31',310,279,155),
(3,3,'Product32','Description32',320,288,160),
(4,4,'Product33','Description33',330,297,165),
(5,5,'Product34','Description34',340,306,170),
(6,6,'Product35','Description35',350,315,175),
(7,7,'Product36','Description36',360,324,180),
(8,8,'Product37','Description37',370,333,185),
(9,9,'Product38','Description38',380,342,190),
(10,10,'Product39','Description39',390,351,195),
(1,1,'Product40','Description40',400,360,200),
(2,2,'Product41','Description41',410,369,205),
(3,3,'Product42','Description42',420,378,210),
(4,4,'Product43','Description43',430,387,215),
(5,5,'Product44','Description44',440,396,220),
(6,6,'Product45','Description45',450,405,225),
(7,7,'Product46','Description46',460,414,230),
(8,8,'Product47','Description47',470,423,235),
(9,9,'Product48','Description48',480,432,240),
(10,10,'Product49','Description49',490,441,245),
(1,1,'Product50','Description50',500,450,250);

INSERT INTO cart_items (customer_id, product_id, quantity) VALUES
(2,1,2),
(3,2,3),
(4,3,4),
(5,4,5),
(6,5,1),
(7,6,2),
(8,7,3),
(9,8,4),
(10,9,5),
(1,10,1),
(2,11,2),
(3,12,3),
(4,13,4),
(5,14,5),
(6,15,1),
(7,16,2),
(8,17,3),
(9,18,4),
(10,19,5),
(1,20,1),
(2,21,2),
(3,22,3),
(4,23,4),
(5,24,5),
(6,25,1),
(7,26,2),
(8,27,3),
(9,28,4),
(10,29,5),
(1,30,1),
(2,31,2),
(3,32,3),
(4,33,4),
(5,34,5),
(6,35,1),
(7,36,2),
(8,37,3),
(9,38,4),
(10,39,5),
(1,40,1),
(2,41,2),
(3,42,3),
(4,43,4),
(5,44,5),
(6,45,1),
(7,46,2),
(8,47,3),
(9,48,4),
(10,49,5),
(1,50,1);

INSERT INTO orders (customer_id, total_amount, shipping_address, status) VALUES
(2,20,'City1',2),
(3,40,'City2',3),
(4,60,'City3',4),
(5,80,'City4',5),
(6,100,'City5',1),
(7,120,'City6',2),
(8,140,'City7',3),
(9,160,'City8',4),
(10,180,'City9',5),
(1,200,'City10',1),
(2,220,'City11',2),
(3,240,'City12',3),
(4,260,'City13',4),
(5,280,'City14',5),
(6,300,'City15',1),
(7,320,'City16',2),
(8,340,'City17',3),
(9,360,'City18',4),
(10,380,'City19',5),
(1,400,'City20',1),
(2,420,'City21',2),
(3,440,'City22',3),
(4,460,'City23',4),
(5,480,'City24',5),
(6,500,'City25',1),
(7,520,'City26',2),
(8,540,'City27',3),
(9,560,'City28',4),
(10,580,'City29',5),
(1,600,'City30',1),
(2,620,'City31',2),
(3,640,'City32',3),
(4,660,'City33',4),
(5,680,'City34',5),
(6,700,'City35',1),
(7,720,'City36',2),
(8,740,'City37',3),
(9,760,'City38',4),
(10,780,'City39',5),
(1,800,'City40',1),
(2,820,'City41',2),
(3,840,'City42',3),
(4,860,'City43',4),
(5,880,'City44',5),
(6,900,'City45',1),
(7,920,'City46',2),
(8,940,'City47',3),
(9,960,'City48',4),
(10,980,'City49',5),
(1,1000,'City50',1);

INSERT INTO order_items (order_id, product_id, seller_id, quantity, unit_price, total_price) VALUES
(1,1,2,2,10,20),
(2,2,3,3,20,60),
(3,3,4,1,30,30),
(4,4,5,2,40,80),
(5,5,6,3,50,150),
(6,6,7,1,60,60),
(7,7,8,2,70,140),
(8,8,9,3,80,240),
(9,9,10,1,90,90),
(10,10,1,2,100,200),
(11,11,2,3,110,330),
(12,12,3,1,120,120),
(13,13,4,2,130,260),
(14,14,5,3,140,420),
(15,15,6,1,150,150),
(16,16,7,2,160,320),
(17,17,8,3,170,510),
(18,18,9,1,180,180),
(19,19,10,2,190,380),
(20,20,1,3,200,600),
(21,21,2,1,210,210),
(22,22,3,2,220,440),
(23,23,4,3,230,690),
(24,24,5,1,240,240),
(25,25,6,2,250,500),
(26,26,7,3,260,780),
(27,27,8,1,270,270),
(28,28,9,2,280,560),
(29,29,10,3,290,870),
(30,30,1,1,300,300),
(31,31,2,2,310,620),
(32,32,3,3,320,960),
(33,33,4,1,330,330),
(34,34,5,2,340,680),
(35,35,6,3,350,1050),
(36,36,7,1,360,360),
(37,37,8,2,370,740),
(38,38,9,3,380,1140),
(39,39,10,1,390,390),
(40,40,1,2,400,800),
(41,41,2,3,410,1230),
(42,42,3,1,420,420),
(43,43,4,2,430,860),
(44,44,5,3,440,1320),
(45,45,6,1,450,450),
(46,46,7,2,460,920),
(47,47,8,3,470,1410),
(48,48,9,1,480,480),
(49,49,10,2,490,980),
(50,50,1,3,500,1500);

INSERT INTO reviews (product_id, customer_id, order_id, rating, comment) VALUES
(1,2,1,2,'Review 1'),
(2,3,2,3,'Review 2'),
(3,4,3,4,'Review 3'),
(4,5,4,5,'Review 4'),
(5,6,5,1,'Review 5'),
(6,7,6,2,'Review 6'),
(7,8,7,3,'Review 7'),
(8,9,8,4,'Review 8'),
(9,10,9,5,'Review 9'),
(10,1,10,1,'Review 10'),
(11,2,11,2,'Review 11'),
(12,3,12,3,'Review 12'),
(13,4,13,4,'Review 13'),
(14,5,14,5,'Review 14'),
(15,6,15,1,'Review 15'),
(16,7,16,2,'Review 16'),
(17,8,17,3,'Review 17'),
(18,9,18,4,'Review 18'),
(19,10,19,5,'Review 19'),
(20,1,20,1,'Review 20'),
(21,2,21,2,'Review 21'),
(22,3,22,3,'Review 22'),
(23,4,23,4,'Review 23'),
(24,5,24,5,'Review 24'),
(25,6,25,1,'Review 25'),
(26,7,26,2,'Review 26'),
(27,8,27,3,'Review 27'),
(28,9,28,4,'Review 28'),
(29,10,29,5,'Review 29'),
(30,1,30,1,'Review 30'),
(31,2,31,2,'Review 31'),
(32,3,32,3,'Review 32'),
(33,4,33,4,'Review 33'),
(34,5,34,5,'Review 34'),
(35,6,35,1,'Review 35'),
(36,7,36,2,'Review 36'),
(37,8,37,3,'Review 37'),
(38,9,38,4,'Review 38'),
(39,10,39,5,'Review 39'),
(40,1,40,1,'Review 40'),
(41,2,41,2,'Review 41'),
(42,3,42,3,'Review 42'),
(43,4,43,4,'Review 43'),
(44,5,44,5,'Review 44'),
(45,6,45,1,'Review 45'),
(46,7,46,2,'Review 46'),
(47,8,47,3,'Review 47'),
(48,9,48,4,'Review 48'),
(49,10,49,5,'Review 49'),
(50,1,50,1,'Review 50');

INSERT INTO notifications (user_id, title, message, type) VALUES
(2,'Title1','Message1',2),
(3,'Title2','Message2',3),
(4,'Title3','Message3',4),
(5,'Title4','Message4',5),
(6,'Title5','Message5',6),
(7,'Title6','Message6',1),
(8,'Title7','Message7',2),
(9,'Title8','Message8',3),
(10,'Title9','Message9',4),
(1,'Title10','Message10',5),
(2,'Title11','Message11',6),
(3,'Title12','Message12',1),
(4,'Title13','Message13',2),
(5,'Title14','Message14',3),
(6,'Title15','Message15',4),
(7,'Title16','Message16',5),
(8,'Title17','Message17',6),
(9,'Title18','Message18',1),
(10,'Title19','Message19',2),
(1,'Title20','Message20',3),
(2,'Title21','Message21',4),
(3,'Title22','Message22',5),
(4,'Title23','Message23',6),
(5,'Title24','Message24',1),
(6,'Title25','Message25',2),
(7,'Title26','Message26',3),
(8,'Title27','Message27',4),
(9,'Title28','Message28',5),
(10,'Title29','Message29',6),
(1,'Title30','Message30',1),
(2,'Title31','Message31',2),
(3,'Title32','Message32',3),
(4,'Title33','Message33',4),
(5,'Title34','Message34',5),
(6,'Title35','Message35',6),
(7,'Title36','Message36',1),
(8,'Title37','Message37',2),
(9,'Title38','Message38',3),
(10,'Title39','Message39',4),
(1,'Title40','Message40',5),
(2,'Title41','Message41',6),
(3,'Title42','Message42',1),
(4,'Title43','Message43',2),
(5,'Title44','Message44',3),
(6,'Title45','Message45',4),
(7,'Title46','Message46',5),
(8,'Title47','Message47',6),
(9,'Title48','Message48',1),
(10,'Title49','Message49',2),
(1,'Title50','Message50',3);

INSERT INTO notification_settings (user_id) VALUES
(1),
(2),
(3),
(4),
(5),
(6),
(7),
(8),
(9),
(10),
(11),
(12),
(13),
(14),
(15),
(16),
(17),
(18),
(19),
(20),
(21),
(22),
(23),
(24),
(25),
(26),
(27),
(28),
(29),
(30),
(31),
(32),
(33),
(34),
(35),
(36),
(37),
(38),
(39),
(40),
(41),
(42),
(43),
(44),
(45),
(46),
(47),
(48),
(49),
(50);

INSERT INTO admin_role_requests (requester_id, reason) VALUES
(2,'Reason 1'),
(3,'Reason 2'),
(4,'Reason 3'),
(5,'Reason 4'),
(6,'Reason 5'),
(7,'Reason 6'),
(8,'Reason 7'),
(9,'Reason 8'),
(10,'Reason 9'),
(1,'Reason 10'),
(2,'Reason 11'),
(3,'Reason 12'),
(4,'Reason 13'),
(5,'Reason 14'),
(6,'Reason 15'),
(7,'Reason 16'),
(8,'Reason 17'),
(9,'Reason 18'),
(10,'Reason 19'),
(1,'Reason 20'),
(2,'Reason 21'),
(3,'Reason 22'),
(4,'Reason 23'),
(5,'Reason 24'),
(6,'Reason 25'),
(7,'Reason 26'),
(8,'Reason 27'),
(9,'Reason 28'),
(10,'Reason 29'),
(1,'Reason 30'),
(2,'Reason 31'),
(3,'Reason 32'),
(4,'Reason 33'),
(5,'Reason 34'),
(6,'Reason 35'),
(7,'Reason 36'),
(8,'Reason 37'),
(9,'Reason 38'),
(10,'Reason 39'),
(1,'Reason 40'),
(2,'Reason 41'),
(3,'Reason 42'),
(4,'Reason 43'),
(5,'Reason 44'),
(6,'Reason 45'),
(7,'Reason 46'),
(8,'Reason 47'),
(9,'Reason 48'),
(10,'Reason 49'),
(1,'Reason 50');

INSERT INTO audit_logs (user_id, action, table_name, record_id) VALUES
(2,'ACTION1','table1',1),
(3,'ACTION2','table2',2),
(4,'ACTION3','table3',3),
(5,'ACTION4','table4',4),
(6,'ACTION5','table5',5),
(7,'ACTION6','table6',6),
(8,'ACTION7','table7',7),
(9,'ACTION8','table8',8),
(10,'ACTION9','table9',9),
(1,'ACTION10','table10',10),
(2,'ACTION11','table11',11),
(3,'ACTION12','table12',12),
(4,'ACTION13','table13',13),
(5,'ACTION14','table14',14),
(6,'ACTION15','table15',15),
(7,'ACTION16','table16',16),
(8,'ACTION17','table17',17),
(9,'ACTION18','table18',18),
(10,'ACTION19','table19',19),
(1,'ACTION20','table20',20),
(2,'ACTION21','table21',21),
(3,'ACTION22','table22',22),
(4,'ACTION23','table23',23),
(5,'ACTION24','table24',24),
(6,'ACTION25','table25',25),
(7,'ACTION26','table26',26),
(8,'ACTION27','table27',27),
(9,'ACTION28','table28',28),
(10,'ACTION29','table29',29),
(1,'ACTION30','table30',30),
(2,'ACTION31','table31',31),
(3,'ACTION32','table32',32),
(4,'ACTION33','table33',33),
(5,'ACTION34','table34',34),
(6,'ACTION35','table35',35),
(7,'ACTION36','table36',36),
(8,'ACTION37','table37',37),
(9,'ACTION38','table38',38),
(10,'ACTION39','table39',39),
(1,'ACTION40','table40',40),
(2,'ACTION41','table41',41),
(3,'ACTION42','table42',42),
(4,'ACTION43','table43',43),
(5,'ACTION44','table44',44),
(6,'ACTION45','table45',45),
(7,'ACTION46','table46',46),
(8,'ACTION47','table47',47),
(9,'ACTION48','table48',48),
(10,'ACTION49','table49',49),
(1,'ACTION50','table50',50);

SET FOREIGN_KEY_CHECKS = 1;
